prediction,actual,denormalized prediction,denormalized actual,%error
-0.014834588,-0.09632439570193843,881.7971557206895,455.0,93.80157268586582
-0.027057223,-0.056610260560809665,817.7819633042877,663.0,23.345695822667835
0.1373082,0.222343352137215,1678.6343241983982,2124.0,20.968252156384263
-0.06279622,-0.10128866259457953,630.6014699320353,429.0,46.99334963450708
-0.023122946,-0.10014306254243159,838.3874645742147,435.0,92.73275047683097
0.058858655,-0.09861559580623433,1267.7603563081266,443.0,186.17615266549132
0.03022921,-0.1180907966927494,1117.8156466206499,341.0,227.8051749620674
0.1293266,0.11293854715708625,1636.8312619747398,1551.0,5.533930494825264
-0.029325467,-0.13451106410686994,805.9021964861713,255.0,216.04007705340052
0.13455273,0.05069427765704788,1664.2027791675378,1225.0,35.8532880953092
0.056515623,0.0600500114162561,1255.4888877199637,1274.0,1.4529915447438215
0.13367976,0.032173743480656096,1659.630661913823,1128.0,47.13037782923962
0.0065113134,0.029500676692310893,993.5948205093671,1114.0,10.808364406699544
-0.03600805,-0.13355639739674666,770.9026404698601,260.0,196.50101556533082
0.18310031,0.08678067929970816,1918.4673320392612,1414.0,35.67661471281904
-0.046754487,-0.14291213115595489,714.6189241619838,211.0,238.68195457913924
0.037954256,0.2590025538059493,1158.2750289529179,2316.0,49.988124829321336
-0.0027194829,-0.04362679330313295,945.2491719713101,731.0,29.3090522532572
0.104824506,0.06826014512331638,1508.5032766688084,1317.0,14.540871425118333
-0.042127836,-0.13527479747496857,738.850681246136,251.0,194.3628212136
0.013634861,-0.09040546209917405,1030.903904382793,486.0,112.12014493473106
-0.011256988,-0.0587105273230809,900.5345862570219,652.0,38.11880157316288
-0.0020854683,-0.10243426264672748,948.5697790468096,423.0,124.24817471555782
0.07891484,0.038856410451519115,1372.803236162745,1163.0,18.039831140390795
0.3262655,0.2912702886081164,2668.285040306404,2485.0,7.375655545529335
0.07707106,0.061768411494478016,1363.1465661458265,1283.0,6.246809520329419
0.15148339,0.032555610164705415,1752.8758965258442,1130.0,55.12176075449948
0.006691535,-0.050691326958045284,994.5387186598243,694.0,43.30529087317353
-0.043799005,-0.012886525237163085,730.0980509540182,892.0,18.150442718159397
0.19629145,0.26186655393631914,1987.5549706763127,2331.0,14.733806491792677
0.07623005,0.0991913465313109,1358.741813794655,1479.0,8.131047072707577
0.05034927,0.016899076118683493,1223.1930416599387,1048.0,16.716893288162087
0.11986069,0.011934809226042396,1587.2542190447257,1022.0,55.308632000462396
0.20132382,0.2500286867307904,2013.9116844987354,2269.0,11.242323292254937
-0.033578362,-0.04820919351172473,783.6279531939587,707.0,10.83846579829684
-0.009972667,-0.08276812841818774,907.2611266565691,526.0,72.4831039271044
0.0022339139,-0.077612928183522,971.1922403055903,553.0,75.62246660137258
-0.054888315,-0.13031053058232747,672.0185666040371,277.0,142.6059807234791
0.05107539,0.04382067734416021,1226.9960568976417,1189.0,3.195631362291141
0.018343007,0.10759241358039583,1055.5624878191556,1523.0,30.691891804388995
0.16292012,0.09365427961259583,1812.7749717840998,1450.0,25.018963571317226
0.021525146,0.027209476588015,1072.2287191536752,1102.0,2.701568134875206
-0.0063827657,0.07379721204203145,926.0629847784471,1346.0,31.198886717797393
-0.045888983,-0.11389026316820693,719.1519414781028,363.0,98.11348250085476
-0.021238599,-0.07646732813137405,848.2565990474451,559.0,51.74536655589358
0.2204537,0.09900041318928623,2114.1030503399725,1478.0,43.03809542219029
-0.049889527,-0.1167542632985768,698.1993697291726,348.0,100.63200279573927
-0.010278675,-0.11159906306391104,905.6584340672904,375.0,141.50891575127744
0.13040082,0.049166810920850616,1642.4574386240008,1217.0,34.95952659194748
0.04616373,-0.015941458709557606,1201.2715757986987,876.0,37.131458424508985
0.23801199,0.11408414720923418,2206.0633720326787,1557.0,41.686793322586944
0.09975909,0.13126814799145337,1481.9735007473464,1647.0,10.019823876906715
0.08897051,-0.062147327479524735,1425.469096119038,634.0,124.8373968642016
-0.027077718,-0.11350839648415761,817.6746238298949,365.0,124.02044488490272
0.18667133,-0.026824659204963085,1937.1702916101508,819.0,136.52872913432853
-0.096396975,0.49041376433983425,454.61986986378776,3528.0,87.11394926689944
0.002830787,0.05126707768312185,974.3183220210218,1228.0,20.658117099265326
0.111663625,0.31456415633512463,1544.3226826740292,2607.0,40.762459429458026
-0.004153941,-0.05050039361602062,937.7362989507664,695.0,34.92608617996638
0.05452777,-0.09307852888751926,1245.0776513424769,472.0,163.7876379962875
-0.036758576,-0.08276812841818774,766.9718090189886,526.0,45.81213099220315
0.053110186,-0.045536126723379526,1237.6531507170669,721.0,71.65785724231164
-0.015343616,-0.08544119520653295,879.131160424769,512.0,71.70530477046269
0.05581038,-0.04572706006540418,1251.7952313396584,720.0,73.86044879717477
-0.018937,-0.14997666481086722,860.3110668841407,174.0,394.43164763456366
-0.021435749,-0.09193292883537131,847.2240407153873,478.0,77.24352316221493
0.0004321299,-0.03274359280772747,961.7555229854339,788.0,22.05019327226319
0.23443282,0.008307075727573903,2187.317722509963,1003.0,118.0775396321
-0.04725704,-0.14214839778785626,711.9868388917824,214.9999999999999,231.156669251992
0.09538781,-0.01708705876170555,1459.0792385844159,870.0,67.71025730855355
0.068489365,-0.027779325915086375,1318.2005245072835,814.0,61.94109637681615
-0.03695617,-0.06157452745345076,765.9369288842493,637.0,20.241276119976334
-0.045577012,-0.17231586582775213,720.7858662156382,57.000000000000114,1164.536607395854
-0.007331718,-0.07073932787063432,921.0929124962032,589.0,56.382497877114304
0.23462218,0.2511742867829383,2188.3095029629912,2275.0,3.8105712983300553
0.03483534,-0.05966519403320419,1141.9399178983076,647.0,76.4976689178219
0.15995586,0.12764041449298488,1797.2498772011595,1628.0,10.396184103265325
0.099739484,0.26301215398846706,1481.8708341447373,2337.0,36.590892847893144
0.097372666,-0.05450999379853843,1469.474788160592,674.0,118.02296560246172
0.13189186,0.044011610686184865,1650.2666561004658,1190.0,38.67787026054334
0.11040256,0.04420254402820952,1537.717953993741,1191.0,29.111499075880857
-0.01659874,-0.033316392833801445,872.5575321938459,785.0,11.153825757177819
-0.02027588,-0.0839137284703357,853.2987740339731,520.0,64.09591808345637
-0.040871948,-0.14157559776178227,745.4283092211745,218.0,241.93959138585984
-0.025809351,-0.14081186439368365,824.3176037215886,222.0,271.3142359106255
0.10669753,0.04668467747453007,1518.3131076189238,1204.0,26.10573983545879
0.40158877,0.15704414916478213,3062.785304489089,1782.0,71.87347387705326
-0.014093794,0.04095667721379034,885.6770148227741,1174.0,24.55902769823048
-0.039693546,-0.11904546340287268,751.600109500608,336.0,123.69050877994287
-0.013950146,-0.09346039557156857,886.4293618131322,470.0,88.60199187513452
-0.03240042,-0.11713612998262611,789.7973341159761,346.0,128.26512546704512
-0.01874131,-0.10319799601482611,861.3359769250121,419.0,105.56944556682868
0.20516582,0.15322548232428898,2034.0338703474279,1762.0,15.438925672385237
0.32173532,0.2637758873565657,2644.558480170439,2341.0,12.967043151236183
-0.021164406,-0.10568012946114666,848.6451790659868,406.0,109.02590617388836
-0.004642706,-0.06940279447646172,935.1764261339254,596.0,56.90879633119553
-0.028218497,-0.10014306254243159,811.6998743587192,435.0,86.59767226637223
0.036712345,0.028355076640162947,1151.7706060506634,1108.0,3.950415708543632
0.28496084,0.35599669155447533,2451.954684974834,2824.0,13.17440917227925
0.0037294868,-0.03637132630619597,979.0251989461348,769.0,27.311469303788655
0.036752038,0.16544521621386707,1151.9784951899264,1826.0,36.91245919003689
-0.030372296,-0.0699755945025357,800.419503340443,593.0,34.97799381794992
0.4252629,0.21107828495776024,3186.776903801801,2065.0,54.32333674584993
0.029728848,-0.05851959398105624,1115.195033787228,653.0,70.78025019712528
0.40289876,0.1765193500512972,3069.6462899460153,1884.0,62.93239330923648
-0.003773809,0.005634008939228697,939.7272130449373,989.0,4.982081593029592
0.0012662439,-0.10319799601482611,966.124136490061,419.0,130.57855286158974
0.033530958,0.00047880870456294325,1135.1083159274187,962.0,17.994627435282613
-0.035455402,-0.13680226421116584,773.7970894430806,243.0,218.43501623172043
-8.525327e-06,-0.11198092974796035,959.4476221583759,373.0,157.22456358133402
-0.023350505,-0.10988066298568912,837.1956383825789,384.0,118.01969749546323
0.28718042,0.34244042427072463,2463.5796193154365,2753.0,10.512908851600562
0.06502396,0.11484788057733282,1300.0507002811246,1561.0,16.716803313188688
0.11341551,-0.08677772860070555,1553.4980566527179,505.0,207.62337755499365
0.05393783,-0.011359058500965824,1241.9878782797996,900.0,37.998653142199956
0.4476113,0.22081588540101776,3303.8251034178634,2116.0,56.13540186284799
0.02922926,-0.06653879434609186,1112.578469475289,611.0,82.09140253278052
-0.029612899,0.002388142124809519,804.3967903558931,972.0,17.243128564208526
-0.02330765,-0.06787532774026446,837.4200923157634,604.0,38.645710648305204
-0.011704081,-0.06978466116051103,898.1929702088552,594.0,51.210937745598514
-0.00493419,-0.07360332800100419,933.6497994100206,574.0,62.656759479097666
-0.04044615,-0.12649186374183433,747.6583909413641,297.0,151.73683196678925
-0.03146306,-0.16391479877866721,794.706698086928,101.0,686.8383149375525
0.12796538,0.01556254272451089,1629.7019619759885,1041.0,56.55158136176644
-0.041187976,-0.14272119781393022,743.7731370624606,212.0,250.83638540682105
0.009604242,-0.10262519598875214,1009.7938158817694,422.0,139.28763409520604
0.08277768,0.07570654546227802,1393.0345662484187,1356.0,2.731162702685748
-0.05059991,-0.10377079604090009,694.4787882421394,416.0,66.94201640436044
-0.01036981,0.030264410060409523,905.1811182622289,1118.0,19.035678151857883
0.03383619,-0.01632332539360692,1136.7069453620045,874.0,30.058002901831177
-0.014390156,-0.12190946353324254,884.1248409527668,321.0,175.42829936223265
-0.039502315,-0.1068257295132946,752.6016649380352,400.0,88.15041623450881
-0.030058239,-0.0048673248721274685,802.0643542082447,934.0,14.125872140444892
0.020823626,-0.035607592938097336,1068.5545542093269,773.0,38.23474181233206
0.02493248,-0.11885453006084802,1090.0743872285464,337.0,223.46420986010278
-0.025283769,-0.13852066428938775,827.0703056655509,234.0,253.44884857502174
0.0771079,-0.09269666220346995,1363.339490388814,473.99999999999994,187.62436506093124
0.17324992,0.0676873450972424,1866.8765642792769,1314.0,42.07584203038637
0.061514705,-0.09116919546727269,1281.6712322099047,482.0,165.9068946493578
0.034831833,-0.07513079473720145,1141.921558097271,566.0,101.75292545888179
-0.015686177,-0.14711266468049736,877.3370215467307,188.9999999999999,364.19948229985783
0.13556705,-0.008876925054645277,1669.5152197905809,913.0,82.86037456632869
-0.014980762,-0.04267212659300967,881.0315803083305,736.0,19.705377759284033
0.10952651,-0.04687266011755213,1533.1296816759896,714.0,114.7240450526596
0.054726735,-0.027588392573061716,1246.119711505677,815.0,52.89812411112602
-0.0020424696,0.002388142124809519,948.7949817125815,972.0,2.3873475604340033
-0.03785671,-0.12248226355931652,761.2204111124972,318.0,139.37748777122553
0.0005133859,-0.06386572755774665,962.1810957593057,625.0,53.9489753214889
0.012928617,-0.019187325523976784,1027.2049995577704,859.0,19.581490053291084
0.010900725,-0.1562774650976809,1016.5840546452216,141.0000000000001,620.9815990391637
0.08301812,0.004488408887080752,1394.293841783502,983.0,41.84067566464925
-0.002177069,-0.0753217280792261,948.0900268122534,565.0,67.80354456854043
-0.018554054,-0.11618146327250282,862.3167141820926,351.0,145.67427754475574
0.004525426,-0.11789986335072473,983.1938737175037,342.0,187.48358880628763
0.18237263,-0.009640658422743907,1914.6561417148057,909.0,110.63323891251989
-0.023418285,-0.13985719768356036,836.8406464591326,227.0,268.6522671626135
0.09563575,0.022627076379423218,1460.377809166564,1078.0,35.47103981136958
-0.026361283,-0.011359058500965824,821.4269008501738,900.0,8.730344349980694
-0.033116266,-0.0627201275055987,786.0481495807817,631.0,24.57181451359456
0.18099298,0.08124361238099309,1907.430301550773,1385.0,37.72059938994751
-0.03673463,-0.01727799210373021,767.097225385688,869.0,11.726441267469731
0.0031017566,-0.07360332800100419,975.7375056186283,574.0,69.98911247711295
-0.03445063,-0.16334199875259323,779.0595039982618,104.00000000000011,649.0956769214048
-0.03710548,-0.10338892935685076,765.1549301323337,418.0,83.05141869194586
-0.026461104,-0.11007159632771378,820.9040952724054,383.0,114.33527291707712
0.18258637,0.030073476718384864,1915.7756018043742,1117.0,71.51079693861901
0.004354133,0.09308147958652185,982.2967384290388,1447.0,32.1149455128515
0.3053575,0.30234442244554655,2558.7807092889107,2543.0,0.620554828506121
0.22829886,0.004106542203031437,2155.191543644216,981.0,119.69332758860509
0.021723492,-0.03904439309454117,1073.2675404996892,755.0,42.15464112578665
0.18677373,0.05680414460183692,1937.7066085186502,1257.0,54.15327036743438
0.18886134,0.04993054428894925,1948.6403090323347,1221.0,59.59380090354911
0.008776716,-0.003721724819979523,1005.4597077916007,940.0,6.963798701234122
-0.041683786,-0.15914146522805078,741.1763666061556,125.99999999999989,488.23521159218757
-0.031319223,-0.11637239661452747,795.4600352578415,350.0,127.2742957879547
-0.008084647,-0.042481193250985004,917.1494989234469,737.0,24.443622649043
0.027065838,-0.051455060326143914,1101.2477016811597,690.0,59.601116185675316
-0.0024415315,-0.055082793824612404,946.7049227417174,671.0,41.08866210755848
-0.014257074,-0.09479692896574117,884.8218451422315,463.00000000000006,91.1062300523178
-0.06548879,-0.1131265298001083,616.4993087068096,367.0,67.9834628628909
-0.016770313,-0.11274466311605899,871.6589360232315,369.0,136.22193388163456
-0.027752819,-0.10644386282924528,814.1388305209904,402.0,102.52209714452496
0.20796792,0.025491076509793084,2048.7096924335274,1093.0,87.43913014030443
0.013975678,-0.05775586061295761,1032.6889072599433,657.0,57.18248207913902
-0.005057481,-0.08200439505008912,933.0040699890199,530.0,76.03850377151318
0.10872158,-0.043244926619083635,1528.913912356531,733.0,108.58307126282824
0.009864136,-0.04973666024792199,1011.1549922147959,699.0,44.65736655433418
0.015830629,-0.12706466376790831,1042.4040808511538,293.9999999999999,254.55921117386197
-0.014570122,-0.05699212724485898,883.1822817410408,661.0,33.61305321347062
-0.021418223,-0.0587105273230809,847.3158299650976,652.0,29.956415638818644
0.10580771,-0.0713121278967083,1513.652722841415,586.0,158.3025124302756
0.055970438,0.01861747619690541,1252.6335191733922,1057.0,18.50837456701913
-0.037821654,-0.07245772794885624,761.4040091228646,580.0,31.276553297045627
0.072308645,0.03656521034722322,1338.2037326017548,1151.0,16.2644424501959
0.10951538,-0.05718306058688364,1533.0713829666402,660.0,132.28354287373335
0.0034199844,-0.029879592677357607,977.4042014303575,803.0,21.719078633917498
0.08860125,0.18988468399302325,1423.535093018118,1954.0,27.147641094262127
0.12490245,0.013462275962239657,1613.6601004533468,1030.0,56.66602917022784
0.3356923,0.3546601581603027,2717.657101228244,2817.0,3.5265494771656427
0.052419636,-0.16696973225106174,1234.036445511351,85.0,1351.8075829545307
-0.045278728,-0.14615799797037407,722.3481077342481,193.9999999999999,272.344385430025
-0.03171383,-0.16105079864829736,793.3933186960797,116.0,583.9597574966205
-0.009436555,-0.029306792651283636,910.0689762919558,806.0,12.911783659051585
-0.019511612,-0.06882999445038775,857.3015716125003,599.0,43.12213215567618
-0.028763777,-0.11369932982618228,808.8440082830015,364.0,122.20989238543996
-0.023739967,-0.1005249292264809,835.1558566830182,433.0,92.87664126628596
-0.07806702,-0.06902092779241241,550.6217281200991,598.0,7.922787939782763
0.33743984,0.1347049481478972,2726.809764464736,1665.0,63.77235822611027
-0.004077231,-0.023196925706494592,938.13806105281,838.0,11.94964929031146
0.2613699,0.14119668177673556,2328.3988821721723,1699.0,37.045254983647574
-0.006486596,-0.12000013011299597,925.5191805440733,331.0,179.61304548159313
0.05854008,-0.06443852758382063,1266.0918386617302,622.0,103.55174255011738
-0.020383274,-0.11770893000870009,852.7363027011488,343.0,148.61116696826494
0.07961486,0.0073524090174506155,1376.469538195491,998.0,37.922799418385864
0.16082919,0.07742494554049993,1801.823867505777,1365.0,32.00174853522175
0.08283924,-0.07016652784456034,1393.3570041569558,592.0,135.36435881029658
-0.021198336,-0.1234369302694398,848.4674733615844,313.0,171.0758700835733
-0.023518026,-0.0132683919212124,836.3182603667227,890.0,6.031656138570482
0.1229489,-0.07665826147339871,1603.4285208749525,558.0,187.35278151880868
0.024625078,0.08200734574909171,1088.4643926673887,1389.0,21.63683278132551
0.2448593,0.3048265558918671,2241.9256630991945,2556.0,12.28772836075139
-0.022279868,-0.15742306514982884,842.8030259899712,135.0,524.298537770349
-0.0021185654,-0.08143159502401515,948.3964352584744,533.0,77.93554132429163
0.07246027,0.014416942672362945,1338.997867162645,1035.0,29.371774605086472
-0.054799348,-0.07360332800100419,672.4845270380004,574.0,17.157583107665566
-0.040973827,-0.12515533034766171,744.8947238452417,304.0000000000001,145.0311591596189
-0.0032493689,-0.15685026512375488,942.473931225371,138.0,582.9521240763557
-0.024898034,-0.07646732813137405,829.0905666627341,559.0,48.316738222313795
0.23202348,0.04897587757882596,2174.698978577854,1216.0,78.84037652778406
-0.067144655,-0.14272119781393022,607.8268488955207,212.0,186.710777780906
0.037912782,-0.03274359280772747,1158.0578135810347,788.0,46.96165146967445
0.3848343,0.15017054885189446,2975.03489883177,1746.0,70.39146041419072
-0.0016782898,-0.15971426525412474,950.702347493241,123.0,672.9287377993828
0.17815703,-0.02033292557612473,1892.5772420229966,853.0,121.87306471547441
-0.07869878,-0.1320289306605494,547.3129446784235,267.9999999999999,104.2212480143372
-0.017018383,-0.048781993537798704,870.3596825579417,704.0,23.630636726980356
0.14280428,0.3281204236188753,1707.4196826476532,2678.0,36.24273029695097
-0.014493378,-0.046681726775527475,883.5842218804751,715.0,23.578212850416094
0.257283,0.023199876405497193,2306.9939686302178,1081.0,113.41294806940034
0.055941597,-0.030834259387480894,1252.4824654224608,798.0,56.95268990256401
-0.01705987,0.07417907872608076,870.1423988977444,1348.0,35.449376936369106
0.12416635,0.07016947854356295,1609.8048153888876,1327.0,21.311591212425594
0.22383034,0.013462275962239657,2131.788006745195,1030.0,106.9697093927374
0.10947167,0.28573322168940135,1532.8424805375614,2456.0,37.587846883649775
-0.03871181,-0.12095479682311926,756.7418878710814,326.0,132.12941345738693
0.1868446,0.22902601910807804,1938.0777847725535,2159.0,10.23261765759363
-0.033334915,-0.13985719768356036,784.9029935741404,227.0,245.7722438652601
0.007883153,0.10988361368469172,1000.7797340234001,1535.0,34.802623190657975
0.07049058,-0.08964172873107543,1328.6817271403684,490.0,171.15953615109558
0.021758454,-0.10720759619734392,1073.450650736384,398.0,169.71121877798592
-0.0040855794,0.014226009330338288,938.094337020798,1034.0,9.27520918560948
-0.056094177,-0.14711266468049736,665.7029511349735,188.9999999999999,252.22378366929837
0.03574142,0.03045534340243418,1146.685448448106,1119.0,2.474124079366036
0.0071241087,-0.0902145287571494,996.8042932313009,486.99999999999994,104.68260641299815
0.05740941,-0.047445460143626106,1260.1700321449787,711.0,77.23910438044707
0.032187887,-0.05832866063903158,1128.074073261984,654.0,72.4883904070312
0.20622848,-0.00238519142580692,2039.5994850174986,947.0,115.3748136238119
0.16782373,0.09269961290247254,1838.45730923773,1445.0,27.228879532022837
0.034797076,0.06043187810030542,1141.7395209626557,1276.0,10.521981115779337
0.042056616,0.15055241553594378,1179.7608543916836,1748.0,32.50796027507531
0.048127893,-0.03999905980466446,1211.5587420648226,750.0,61.54116560864301
-0.012946272,-0.12591906371576037,891.6870791078463,300.0,197.2290263692821
0.0680141,0.0006697420465876008,1315.7113569231547,963.0,36.62630913013029
-0.027045753,-0.1234369302694398,817.8420375098054,313.0,161.29138578588032
-0.012513488,-0.06462946092584529,893.9537584866912,621.0,43.95390635856541
0.045236304,-0.007349458318448017,1196.4142475231401,921.0,29.90382709263194
0.10564264,-0.012886525237163085,1512.7881927840951,892.0,69.59508887714071
-0.010344408,-0.12248226355931652,905.3141585314311,318.0,184.68998695956952
0.43293446,0.34358602432287255,3226.9561869803138,2759.0,16.961079629587307
-0.038403485,-0.15341346496731104,758.3567113915976,156.0,386.1260970458959
-0.015999064,-0.032170792781653496,875.6982971162569,791.0,10.707749319375077
0.06658771,0.00047880870456294325,1308.2407324192632,962.0,35.991760126742534
0.15220363,0.07990707898682048,1756.648143000279,1378.0,27.47809455734972
-0.030833662,-0.14119373107773295,798.0031310992133,220.0000000000001,262.7286959541877
-0.03847745,-0.09766092909611104,757.9693215408171,448.0,69.18958070107524
-0.0622443,-0.01555959202550829,633.4921142706096,878.0,27.84827855687818
0.15192956,0.12420361433654104,1755.2126836146522,1610.0,9.01942134252498
0.13233408,-0.06787532774026446,1652.5827615855553,604.0,173.6064174810522
-0.011737823,-0.14673079799644803,898.0162498072714,191.0,370.1655758153253
0.021218345,0.02167240966929993,1070.6218658549692,1073.0,0.2216341234884249
-0.013533134,-0.13011959724030284,888.6134318427853,277.9999999999999,219.64511936790848
0.07312498,-0.1280193304780316,1342.479244440634,288.9999999999999,364.52569011786653
0.06319253,-0.06252919416357405,1290.45872856414,632.0,104.18650768419937
0.02757067,-0.06615692766204254,1103.8917276508664,613.0,80.08021658252306
-0.015444785,-0.029497725993308292,878.6012918842214,805.0,9.143017625369115
0.18328913,0.049166810920850616,1919.4562248721477,1217.0,57.720314286947215
-0.026343985,-0.12878306384613022,821.5174999321227,285.0,188.25175436214835
0.07318557,0.016708142776658837,1342.796570481082,1047.0,28.251821440408975
-0.09318381,-0.10606199614519597,471.44860787507133,404.0,16.695199969077063
-0.012775957,-0.11522679656237954,892.5790952116172,356.0,150.72446494708348
0.033012994,0.06730547841319309,1132.3955138698752,1312.0,13.689366320893656
-0.023865147,0.028546009982187603,834.5002400896739,1109.0,24.752007205620032
-0.012023237,-0.10262519598875214,896.5214137324785,422.0,112.4458326380281
0.026594542,-0.006394791608324729,1098.7793230109571,926.0,18.658674191248068
-0.04583106,-0.161241731990322,719.4553171915144,115.00000000000011,525.6133192969684
0.08277273,0.20630495140714378,1393.0086557109303,2040.0,31.7152619749544
-0.027981404,-0.11847266337679871,812.9416290634825,339.0,139.80579028421315
-0.01656898,-0.018041725471828838,872.7134051486626,865.0,0.8917231385737063
0.01586028,-0.09422412893966721,1042.5593782330368,465.99999999999994,123.72518846202507
-0.016277751,-0.10147959593660419,874.238692933836,428.0,104.2613768537
0.21350141,0.061004678126379386,2077.6909407896997,1279.0,62.446516089890515
0.11254516,-0.05412812711448912,1548.9396751056233,676.0,129.13308803337625
-0.074089594,-0.1274465304519576,571.4532149325426,292.0,95.70315579881594
-0.04297486,-0.1077803962234179,734.4144577376081,395.0,85.92771081964763
0.035255473,0.008688942411623218,1144.140342979203,1005.0,13.844810246686873
-0.0035855577,-0.04859106019577405,940.7131658220122,705.0,33.43449160595918
0.0018496732,-0.03274359280772747,969.1798068564183,788.0,22.992361276195215
0.0387335,-0.1221003968752672,1162.3562702934728,320.0,263.2363344667103
-0.0652316,-0.07513079473720145,617.8463444810675,566.0,9.160131533757507
-0.024394698,-0.08486839518045898,831.7267492317852,515.0,61.500339656657324
-0.036322124,0.04534814408035747,769.2576920473239,1197.0,35.73452865101722
-0.042936545,-0.09746999575408638,734.6151278265166,449.0,63.61138704376763
0.062206198,0.09499081300676843,1285.2928736851873,1457.0,11.784977784132652
0.21180724,0.03656521034722322,2068.817830400449,1151.0,79.7409062033405
-0.025494184,-0.06806626108228912,825.9682688515677,603.0,36.976495663609896
-0.010175406,-0.04496332669730555,906.1992970264184,724.0,25.165648760555033
-0.07049532,0.045539077422382127,590.2779618340076,1198.0,50.72804993038334
-0.042751115,-0.16945186569738227,735.5863047196142,72.0,921.6476454439086
-0.018130437,-0.026251859178889114,864.5353819983434,822.0,5.174620681063672
0.4636613,0.28516042166332733,3387.8859109718323,2453.0,38.11194092832582
0.21946143,0.07570654546227802,2108.9061145226015,1356.0,55.524049743554684
-0.031644486,-0.16544226551486446,793.7564954617524,93.0,753.5016080233896
-0.06442223,-0.1536043983093357,622.0853708492357,155.0,301.345400547894
-0.02916982,-0.17556173264217131,806.7173833587708,40.0,1916.793458396927
0.01451955,-0.0951787956497905,1035.5373981977314,461.0,124.62850286284845
0.039244287,-0.041717459882886374,1165.0314747563323,741.0,57.224220614889646
-0.020225791,0.025300143167768425,853.5611084705719,1092.0,21.835063326870706
0.05664258,-0.04782732682767542,1256.153820790455,709.0,77.17261224124896
0.12374639,0.03503774361102596,1607.6053073224969,1143.0,40.64788340529281
-0.089039385,-0.13432013076484528,493.15473141533096,256.0,92.63856695911366
0.07797941,-0.05718306058688364,1367.9039593513426,660.0,107.25817565929432
-0.027380316,-0.11503586322035488,816.0897886347702,357.0,128.59657944951547
0.07909569,-0.023578792390543907,1373.7504145911505,836.0,64.32421227166873
0.28526857,0.2215796187691164,2453.566445276687,2120.0,15.734266286636172
0.0013848348,-0.07436706136910282,966.7452479738055,570.0,69.60442946908869
-0.08821948,-0.12725559710993295,497.44893474134403,293.0,69.77779342707987
0.051064406,-0.029306792651283636,1226.9385191152214,806.0,52.225622719010104
-0.031765692,0.1562804157966835,793.1216872932812,1778.0,55.39248102962423
-0.013472612,0.0029609421508834913,888.9304115639256,975.0,8.827650096007627
0.02487863,-0.09460599562371652,1089.7923564910477,464.0,134.86904234720856
-0.015311191,-0.06462946092584529,879.3009837066221,621.0,41.59436130541419
0.00027722865,-0.11961826342894666,960.9442386070738,333.0,188.57184342554768
-0.007898313,-0.03637132630619597,918.1254120989055,769.0,19.392121209220477
0.19373094,0.30444468920781775,1974.1444725188367,2554.0,22.70381861711681
0.019776927,-0.0014305247156836322,1063.07254394674,952.0,11.667284028018917
-0.04101166,-0.14883106475871927,744.6965706684838,180.0,313.7203170380466
0.010282556,-0.06482039426786994,1013.3464373823787,620.0,63.4429737713514
0.0010920366,-0.018614525497902813,965.2117381536632,862.0,11.973519507385522
0.016513472,-0.007922258344521989,1045.9804276631985,918.0,13.941223056993302
-0.036432095,-0.12591906371576037,768.6817288947154,300.0,156.22724296490514
0.09348933,0.006397742307327327,1449.1360698231579,993.0,45.93515305369163
0.3352424,0.19255775078136844,2715.300803192532,1968.0,37.972601788238414
0.24294634,0.22024308537494378,2231.9067138201613,2113.0,5.627388254621924
-0.02884312,-0.10758946288139323,808.4284543803649,396.0,104.14859959100123
0.460359,0.9981055207833986,3370.590315023028,6187.0,45.52141078029695
-0.014578798,-0.06749346105621515,883.1368407457012,606.0,45.73215193823452
0.26534694,0.09670921308499035,2349.228300824244,1466.0,60.2474966455828
-0.027959367,-0.10835319624949186,813.0570460698937,392.0,107.41251175252388
-0.0023946064,-0.14004813102558503,946.9506899455263,226.0,319.00473006439216
-0.004425221,-0.0600470607172535,936.3154874085275,645.0,45.16519184628333
0.10014418,0.06787827843926705,1483.9903863507152,1315.0,12.85097995062473
-0.021766474,-0.0650113276098946,845.4918881156633,619.0,36.58996576989714
-0.043506745,-0.14978573146884255,731.6287432714842,175.0,318.07356758370526
0.0229423,-0.01021345844881788,1079.650966264718,906.0,19.166773318401535
0.0035471225,-0.11789986335072473,978.070078342905,342.0,185.98540302424124
0.006940574,-0.05470092714056309,995.8430425324408,673.0,47.97073440303726
0.025818078,-0.0600470607172535,1094.712646592266,645.0,69.72289094453737
0.11479398,0.10014601324143418,1560.717692335635,1484.0,5.169655817765168
-0.0031027002,0.060240944758280755,943.2420979353658,1275.0,26.02022761291249
-0.01919229,-0.07073932787063432,858.9740012037508,589.0,45.835993413200484
0.07666302,0.07303347867393281,1361.0094540876348,1342.0,1.4165017949057244
-0.022640899,-0.0825771950761631,840.9121518371825,527.0,59.56587321388662
-0.040600114,-0.12324599692741516,746.8520230167653,314.0,137.85096274419277
0.0783003,-0.08715959528475488,1369.5845932957664,503.0,172.2832193430947
-0.0013927585,0.017280942802732808,952.1977981628613,1050.0,9.314495413060826
0.18298298,0.05222174439324514,1917.8528152555705,1233.0,55.54361843110872
-0.059900798,-0.14424866455012747,645.7660412380823,204.0000000000001,216.55198099905974
0.0112211965,-0.016896125419680896,1018.2625033635921,871.0,16.907290856899213
-0.041675743,-0.13584759750104256,741.2184907405216,248.0,198.8784236856942
0.07913691,-0.012122791869064455,1373.9662837076971,896.0,53.34445130666262
-0.012439555,-0.04305399327705898,894.3409776166864,734.0,21.844819838785607
-0.03388122,-0.1410027977357083,782.0417522325506,221.0,253.86504625907267
0.030465193,-0.11637239661452747,1119.0515870632357,350.0,219.72902487521023
0.15147361,0.05718601128588623,1752.8246998011678,1259.0,39.223566306685285
0.0061159725,-0.047445460143626106,991.5242505355918,711.0,39.4548875577485
0.027530052,-0.020714792260174045,1103.6789900412978,851.0,29.692008230469774
0.23149288,0.3187646898596671,2171.9199953884126,2629.0,17.386078532201875
0.017601132,-0.07799479486757131,1051.676970542469,551.0,90.86696380081108
0.07005603,-0.05909239400713021,1326.4058142059012,650.0,104.06243295475402
0.18045723,0.07570654546227802,1904.624393254603,1356.0,40.45902605122442
0.045280144,-0.06978466116051103,1196.6438523463073,594.0,101.45519399769482
-0.03873441,-0.003721724819979523,756.6235149562143,940.0,19.508136706785713
-0.0451349,-0.15284066494123708,723.1014058832677,159.0,354.7807584171495
0.044706218,0.11656628065555473,1193.6379568443708,1570.0,23.972104659594216
0.037227724,-0.02892492596723432,1154.4698675110556,808.0,42.87993409790292
0.14427356,0.08353481248528898,1715.1149561941984,1397.0,22.77129249779516
0.032900553,-0.09422412893966721,1131.8066149594692,465.99999999999994,142.87695599988612
-0.008241263,-0.03999905980466446,916.3292343269158,750.0,22.177231243588764
0.10284189,0.243536953101952,1498.1194726826686,2235.0,32.97004596498127
0.21664755,0.049548677604899935,2094.168637844285,1219.0,71.79398177557712
0.18633892,0.20859615151143968,1935.429290796006,2052.0,5.680833781871055
0.008940259,-0.029879592677357607,1006.3162529939001,803.0,25.319583187285193
0.15213467,-0.05603746053473569,1756.2869563511908,666.0,163.7067502028815
0.46864954,0.7922793780808178,3414.011381051548,5109.0,33.17652415244572
0.16412269,-0.0054401248982014405,1819.0733395761004,931.0,95.38918792439316
0.170444,-0.0025761247678315778,1852.1807629835475,946.0,95.79077832807057
-0.041947044,-0.11198092974796035,739.7975670103381,373.0,98.33714933253032
-0.09597144,-0.00238519142580692,456.84856630674716,947.0,51.758335131283296
0.017858157,-0.06844812776633843,1053.0231185686425,601.0,75.21183337248628
0.0118647395,0.03503774361102596,1021.6330145635355,1143.0,10.618283940198117
-0.033486333,-0.11255372977403433,784.109951626277,370.0,111.92160854764244
0.077272594,0.07074227856963693,1364.2020693514435,1330.0,2.571584161762667
-0.11740188,-0.08677772860070555,344.6081371611069,505.0,31.760764918592688
0.06781871,-0.05851959398105624,1314.6880077580356,653.0,101.3304759200667
0.02647058,0.05413107781349172,1098.130076741777,1243.0,11.65486108272108
0.08961679,0.15608948245465884,1428.853933231746,1777.0,19.591787662816774
0.18676358,-0.026824659204963085,1937.6534606992836,819.0,136.58772413910668
0.016214494,-0.11140812972188638,1044.4145473529911,376.0,177.76982642366787
-0.013245105,-0.07016652784456034,890.1219646023048,592.0,50.35843996660555
-0.02348604,-0.1396662643415357,836.4857813568411,228.0,266.87972866528116
0.0416126,-0.02338785904851925,1177.4353446301861,837.0,40.67327892833765
-0.024509612,-0.10071586256850557,831.124895052635,432.0,92.39002200292477
0.28318378,0.222343352137215,2442.647495038862,2124.0,15.00223611294077
0.14125511,0.0209086763012013,1699.3060163556972,1069.0,58.96220920072004
0.059928887,-0.14787639804859598,1273.3656172223064,185.0,588.3057390390845
-0.02074953,0.03312841019077938,850.8180644453271,1133.0,24.905731293439796
0.22979477,0.1963764176218616,2163.026281439231,1988.0,8.804138905393906
0.0772439,9.694202051362813e-05,1364.0517960383881,960.0,42.088728753998765
0.008844069,-0.0004758580055603445,1005.8124657116265,957.0,5.100571129741534
0.03591778,-0.09441506228169186,1147.609135696439,465.0,146.79766359063203
-0.041005228,-0.07933132826174391,744.7302660737871,544.0,36.89894596944616
0.023188803,0.027782276614088972,1080.942005621361,1105.0,2.177194061415296
-0.0033385553,-0.09746999575408638,942.0068233038429,449.0,109.80107423248171
-0.0063810116,-0.11026252966973844,926.0721719955706,382.0,142.42727015590853
-0.03638855,-0.08754146196880419,768.9097923530773,501.0,53.47500845370804
0.083650716,-0.08410466181236036,1397.607034699178,519.0,169.28844599213448
0.025375163,-0.05050039361602062,1092.392912071052,695.0,57.17883626921611
0.03822716,-0.15379533165136036,1159.70434239027,154.0,653.0547677858897
0.028977701,-0.08887799536297679,1111.2609537636972,494.0,124.95161007362292
-0.02127995,-0.10109772925255488,848.0400275368098,430.0,97.21861105507205
0.047639098,-0.12591906371576037,1208.9987107215381,300.0,302.9995702405127
-0.01792552,-0.13393826408079598,865.6086206546961,258.0,235.50721730802175
-0.005935589,0.0069705423334013,928.4050422617876,996.0,6.786642343194019
-0.03621597,-0.11732706332465077,769.8136759903026,345.0,123.13439883776887
-0.0010462306,-0.003721724819979523,954.0127137604841,940.0,1.4907142298387315
0.007954139,-0.04992759358994665,1001.1515199943941,698.0,43.43144985593039
0.04030854,-0.08945079538905076,1170.605420600731,491.0,138.4125092873179
-0.017411217,-0.0676843943982398,868.3022434514329,605.0,43.52103197544345
-0.022567293,-0.08334092844426172,841.2976588815868,523.0,60.85997301751181
0.09325813,-0.04305399327705898,1447.925181436397,734.0,97.26501109487697
-0.017675905,-0.05699212724485898,866.9159614074775,661.0,31.152187807485255
-0.026389705,-0.08849612867892748,821.278042080769,496.0,65.58025041950987
-0.038427938,-0.12400973029551378,758.2286415361193,310.0,144.58988436649008
0.17537569,0.3357577572998616,1878.0101349330466,2718.0,30.904704380682613
-0.0061872182,-0.024151592416617882,927.0871509644678,833.0,11.29497610617861
-0.011369788,-0.1018614626206535,899.9438045402399,426.0,111.25441421132392
-0.036155917,-0.10968972964366447,770.1281924543964,385.0,100.03329674140167
-0.017167676,-0.07093026121265898,869.5777716052872,588.0,47.88737612334817
-0.022260644,-0.12477346366361242,842.9037122314696,306.0,175.45872948740836
0.12547062,0.026063876535867055,1616.6358710532634,1096.0,47.50327290631965
0.04242588,0.0020062754407602036,1181.6948379816567,970.0,21.82421010120173
0.26509568,0.06119561146840404,2347.912326477457,1280.0,83.43065050605134
0.22474426,0.22482548558353557,2136.5745883272793,2137.0,0.019906957076305874
0.039512217,0.12649481444083693,1166.4347410795676,1622.0,28.08663741802912
0.31195325,0.21126921829978487,2593.325543176675,2066.0,25.523985632946523
-0.005284347,-0.02243319233839596,931.8158752723766,842.0,10.666968559664681
0.2362671,0.024727343141694454,2196.92467863417,1089.0,101.7378033640193
-0.02751137,-0.09556066233383981,815.4034032781581,459.0,77.64780027846581
-0.041297726,-0.14673079799644803,743.1983250557194,191.0,289.1090707098007
0.049827956,-0.031407059413554865,1220.4626992611284,795.0,53.517320661777156
-0.03180932,-0.105489196119122,792.8931945940874,407.0,94.81405272581999
0.17133166,0.018999342880954725,1856.829831411852,1059.0,75.33803884908895
0.031821188,-0.11255372977403433,1126.1535132034808,370.0,204.36581437931915
0.056658324,-0.11923639674489735,1256.2362740520716,335.0,274.9959027021109
-0.030754806,-0.14157559776178227,798.4161290678054,218.0,266.24593076504834
0.015398651,-0.08047692831389186,1040.1416304700504,538.0,93.33487555205397
-0.042228736,-0.08181346170806446,738.322227249239,531.0,39.04373394524274
0.0041713594,-0.119427330086922,981.3394752799522,334.0,193.81421415567434
0.017158551,-0.07379426134302884,1049.358982251003,573.0,83.13420283612618
0.09172524,-0.03159799275557953,1439.8967779824115,794.0,81.34720125723067
-0.015724996,-0.09823372912218502,877.1337077245167,445.0,97.10869836505994
0.15195201,0.11026548036874104,1755.33029560259,1537.0,14.204963929901757
-0.005852777,-0.022242258996371306,928.8387632948602,843.0,10.182534198678553
0.06994667,-0.14997666481086722,1325.8330508485851,174.0,661.9730177290719
0.034205467,-0.003339858135930208,1138.6410069957656,942.0,20.874841506981483
0.031452574,-0.06787532774026446,1124.2229245182689,604.0,86.12962326461405
0.07349897,0.20363188461879858,1344.4379874222286,2026.0,33.64077061094627
-0.02070866,-0.058137727297006926,851.0321190438118,655.0,29.928567792948368
0.050569206,0.3573332249486479,1224.3449484542089,2831.0,56.75220952122187
0.07989573,0.09518174634879309,1377.9405465263771,1458.0,5.491046191606506
-0.05321278,-0.0663478610040672,680.7940637259265,612.0,11.240860085935712
-0.022557281,-0.06310199418964803,841.3500945513915,629.0,33.75995143901296
0.09688497,0.015180676040461576,1466.9205320575911,1039.0,41.18580674279029
0.07849551,-0.08009506162984255,1370.6070059354338,540.0,153.81611221026552
0.014037323,-0.03789879304239323,1033.0117695315755,761.0,35.743990740023065
0.30824688,0.3321300238013931,2573.9137118828667,2699.0,4.634541982850438
0.003533103,-0.047445460143626106,977.9966525525341,711.0,37.55227180767006
0.08174876,0.00849800906959856,1387.6456817354053,1004.0,38.21172128838698
0.0490973,-0.011931858527039797,1216.6359392010434,897.0,35.63388396890115
-0.01700575,-0.10644386282924528,870.4258441788935,402.0,116.52384183554565
0.060811624,0.03580147697912459,1277.9888921788036,1147.0,11.420130094054363
0.038518596,-0.06482039426786994,1161.2307227884703,620.0,87.2952778691081
0.03411339,-0.029879592677357607,1138.1587549211372,803.0,41.738325643977234
-0.020157645,-0.15150413154706446,853.9180222222883,166.0,414.4084471218604
0.07754183,-0.10663479617126995,1365.6121645060953,401.0,240.55166197159483
-0.03726882,-0.17040653240750556,764.2994336434303,67.0,1040.7454233484036
0.072811306,0.04076574387176569,1340.8363836894164,1173.0,14.30830210480958
-0.028447963,-0.05050039361602062,810.4980585622684,695.0,16.61842569241272
-0.036705278,-0.12859213050410556,767.2509521363453,286.0,168.2695636840368
-0.04474136,-0.08906892870500145,725.1625423142149,493.0,47.091793572863054
0.14226556,-0.05546466050866172,1704.5981655939604,669.0,154.79793207682516
-0.043356575,-0.11255372977403433,732.4152490521345,370.0,97.95006731138771
0.04757086,-0.10472546275102337,1208.641309196149,411.0,194.07331123993893
-0.030307353,-0.03656225964822062,800.759637677822,768.0,4.265577822633068
-0.037247337,-0.12305506358539049,764.4119532742262,315.0,142.6704613568972
0.05979186,-0.10835319624949186,1272.6479460623334,392.0,224.6550882812075
-0.002504889,-0.10606199614519597,946.3730927511147,404.0,134.25076553245412
0.3192158,0.32105588996396295,2631.3626804726955,2641.0,0.36491175794413094
0.08170631,0.05966814473220679,1387.4233349844865,1272.0,9.074161555384157
0.011366358,-0.08715959528475488,1019.02277667613,503.0,102.58902120797812
-0.035351016,-0.04840012685374939,774.3438056862799,706.0,9.680425734600552
0.023618836,-0.036944126332269935,1083.1942712881805,766.0,41.4091737974126
-0.046563093,-0.14214839778785626,715.6213380810748,214.9999999999999,232.84713399119775
0.031421356,0.12172148089022049,1124.0594227832125,1597.0,29.614312912760642
-0.05575855,0.03866547710949445,667.4607703853499,1162.0,42.5593140804346
0.03213522,-0.11026252966973844,1127.7982274946542,382.0,195.2351380876058
0.03478994,-0.14520333126025076,1141.7021379883874,199.0000000000001,473.71966733084764
-0.013759615,-0.008876925054645277,887.4272540702782,913.0,2.800957933156824
-0.0033232686,-0.08544119520653295,942.0868864744639,512.0,84.00134501454373
0.13322136,-0.005058258214152126,1657.229800875382,933.0,77.62377286981585
0.12651342,0.07837961225062323,1622.0974533544413,1370.0,18.40127396747747
0.042139,15.968616068910721,1180.1923389824672,84594.0,98.60487464952305
0.01788619,0.021863343011324587,1053.1699384440958,1074.0,1.9394843161921966
-0.014698224,-0.01174092518501514,882.5113539321135,898.0,1.7247935487624186
-0.03477783,-0.11026252966973844,777.3458185097825,382.0,103.49366976695877
0.09783665,-0.02816119259913569,1471.9048765974953,812.0,81.26907347259795
-0.015319772,-0.13584759750104256,879.2560402404285,248.0,254.5387259033986
-0.010219623,-0.12916493053017952,905.9677118421404,283.0000000000001,220.12993351312366
0.03591978,0.053176411103368425,1147.6196130749263,1238.0,7.300515906710316
-0.00989238,-0.10930786295961514,907.6816265842458,387.0,134.5430559649214
-0.0023377994,-0.006012924924275413,947.2482123748666,928.0,2.0741608162571796
0.06935481,0.1629630827675465,1322.733229648252,1813.0,27.041741332142742
0.13550964,0.03045534340243418,1669.2145170768954,1119.0,49.17019813019619
0.02875826,-0.1144630631942809,1110.1116419253653,360.0,208.36434497926817
-0.0072105876,-0.14787639804859598,921.7273255679995,185.0,398.23098679351324
0.033041067,-0.07303052797493022,1132.5425483657443,577.0,96.28120422283264
0.027723787,-0.05202786035221788,1104.6936665905178,687.0,60.79966034796473
-0.029368423,-0.13603853084306722,805.6772157574204,246.9999999999999,226.1851075940975
0.011157615,0.03236467682268075,1017.9295002773067,1129.0,9.837953916979034
-0.026967268,-0.12610999705778503,818.2530941391806,298.9999999999999,173.663242187017
-0.038043767,-0.09556066233383981,760.2407079356026,459.0,65.62978386396571
0.13028412,-0.061765460795475416,1641.8461996793899,636.0,158.15191818858332
-0.057320572,0.18052895023381502,659.2797913265747,1905.0,65.39213693823754
-0.009808047,-0.061001727427376785,908.1233154002604,640.0,41.89426803129068
-0.013674039,-0.019378258866001443,887.8754497870852,858.0,3.4819871546719403
-0.040996566,-0.13393826408079598,744.7756290253392,258.0,188.67272442842605
0.012968486,-0.09384226225561788,1027.4138105892746,468.0,119.53286551052875
0.02619139,-0.0991883958323083,1096.667838581524,440.0,149.24269058670998
0.0975674,-0.1297377305562535,1470.4947033990559,280.0,425.17667978537713
-0.021105915,-0.05832866063903158,848.9515204433278,654.0,29.80910098521832
-0.004746544,-0.024342525758642538,934.6325804387894,832.0,12.3356466873545
0.004589838,0.06577801167699583,983.5312277449488,1304.0,24.575826093178776
0.029241271,-0.03598945962214665,1112.6413825235813,771.0,44.31146336233221
0.1746371,0.48697696418339037,1874.1418165560558,3510.0,46.605646251964224
-0.03826055,-0.10892599627556583,759.1053269133604,389.0,95.14275756127516
-0.041336626,-0.13584759750104256,742.9945917481471,248.0,199.5945934468335
0.048560463,-0.14749453136454665,1213.8242946864839,187.0,549.103900901863
0.07899357,0.06959667851748898,1373.215541492722,1324.0,3.717185913347581
0.12581374,-0.006776658292374044,1618.4329073069168,924.0,75.15507654836763
0.019865403,-0.01651425873563158,1063.535928935712,873.0,21.825421413025435
0.030634815,-0.057373993928908296,1119.9399692531458,659.0,69.94536710973381
-0.044053715,-0.1671606655930864,728.7640289813454,83.99999999999989,767.5762249777933
-0.002285264,-0.035416659596072673,947.5233630647131,774.0,22.41903915564768
-0.02343608,-0.06882999445038775,836.7474426657718,599.0,39.69072498593854
-0.028948477,-0.15169506488908913,807.8766555354971,165.0,389.62221547605884
-0.040820684,-0.105489196119122,745.6967993615216,407.0,83.21788682101268
-0.022505227,-0.07837666155162062,841.6227210124822,549.0,53.30104207877636
0.07472004,-0.12362786361146447,1350.8332465765545,312.0,332.95937390274185
-0.008746644,0.14711561537949994,913.6823402480143,1730.0,47.18599189317836
0.13090967,0.08716254598375747,1645.122477883523,1416.0,16.180965952226206
0.06886613,-0.0699755945025357,1320.1738226552686,593.0,122.62627700763382
-0.0024195672,-0.040380926488713775,946.8199592846639,748.0,26.58020846051657
-0.010928593,0.021863343011324587,902.2545347594574,1074.0,15.991197880869883
-0.029888565,-0.10854412959151652,802.9530095514115,391.0,105.35882597222799
0.18658298,0.07990707898682048,1936.707569993374,1378.0,40.544816400099705
0.007854053,0.08964467943007802,1000.6273242616589,1429.0,29.977094173431844
-0.008781476,-0.1108353296958124,913.4999080167244,379.0,141.0289994767083
-0.017592056,-0.04534519338135487,867.3551138003946,722.0,20.132287229971556
0.2981948,0.33556682395783693,2521.266621457495,2717.0,7.204025710066428
-0.005603286,-0.01651425873563158,930.1454553086571,873.0,6.5458711693765315
0.16024645,0.04210227726593829,1798.7718091034653,1180.0,52.438288907073336
-0.046423487,-0.14081186439368365,716.3525108163052,222.0,222.68131117851584
0.11951632,-0.020141992234100074,1585.4506271129123,854.0,85.6499563364066
0.15248305,0.06310494488865062,1758.111542061873,1290.0,36.28771643890489
-0.021920407,-0.1419574644458316,844.6856762786398,216.0,291.0581834623332
-0.010712604,-0.0825771950761631,903.3857599500092,527.0,71.42044780835089
-0.023018675,-0.14615799797037407,838.9335759780599,193.9999999999999,332.4399876175569
-0.021088172,-0.05011852693197131,849.0444510834319,697.0,21.81412497610214
0.0104819285,-0.07952226160376857,1014.3906388720015,543.0,86.81227235211814
-0.015868712,-0.14291213115595489,876.3810046593776,211.0,315.3464477058661
-0.036286373,-0.1383297309473631,769.4449386047623,235.0,227.4233781296861
-0.01382751,-0.044772393355280896,887.0716573074778,725.0,22.35471135275556
0.0017134063,-0.0335073261758261,968.4661183684822,784.0,23.52884162863293
0.0770536,-0.1369931975531905,1363.05509882674,242.0,463.24590860609095
-0.027725471,-0.04820919351172473,814.2820603822132,707.0,15.174265966366793
0.024706762,-0.06424759424179596,1088.8922092001546,623.0,74.78205605138919
0.0064701093,-0.03675319299024528,993.3790172422662,767.0,29.51486535101254
0.3069982,0.14768841540557393,2567.3737985681937,1733.0,48.14620880370419
-0.03497601,-0.15074039817896584,776.3078751563792,170.0,356.65169126845836
0.0040959204,-0.06749346105621515,980.9443688496712,606.0,61.872008061001836
0.0055601937,-0.006394791608324729,988.6133977337618,926.0,6.761706018764768
0.038727537,0.10090974660953282,1162.3250332674795,1488.0,21.886758516970463
0.1256169,-0.0018123913997329475,1617.4019488725053,950.0,70.25283672342161
-0.04035795,-0.1522678649151631,748.1203321202652,162.0000000000001,361.80267414831155
-0.0304388,-0.07704012815744803,800.0711939163114,556.0,43.89769674753801
-0.029444989,-0.12248226355931652,805.2762072657008,318.0,153.23151171877382
0.091605805,0.04191134392391363,1439.2712570246667,1179.0,22.075594319310156
0.08863697,0.11981214746997391,1423.7222029989282,1587.0,10.288456017710889
0.21601103,0.11752094736567803,2090.8349194124658,1575.0,32.75142345475973
0.0810892,-0.06291106084762337,1384.1912685860377,630.0,119.71289977556154
0.23698996,0.0012425420726615735,2200.7105827714377,966.0,127.8168305146416
-0.028567977,-0.08525026186450829,809.8694938968065,513.0,57.8692970559077
-0.013642477,-0.12954679721422885,888.0407562847302,281.0,216.02873889136305
0.045898005,-0.01651425873563158,1199.8798599560307,873.0,37.44328292738038
-0.07666892,-0.13813879760533845,557.9441864932008,235.9999999999999,136.41702817508522
0.024595376,0.017090009460708152,1088.3088318877226,1049.0,3.7472671008315146
-0.043455645,-0.1274465304519576,731.8963749301674,292.0,150.64944346923542
0.13219611,0.0636777449147246,1651.8601541560158,1293.0,27.75407224717833
0.00818915,-0.10491639609304802,1002.3823729575748,410.0,144.4835055994085
0.03365821,-0.15284066494123708,1135.774790362715,159.0,614.3237675237201
0.114064276,0.032173743480656096,1556.8959270779574,1128.0,38.022688570740904
0.03240505,-0.1041526627249494,1129.2114444008105,414.0,172.75638753642767
0.109437965,0.06864201180736569,1532.6659454899732,1319.0,16.19908608718523
0.016138013,-0.05317346040436583,1044.0139876130502,681.0,53.306018739067575
-0.016647467,-0.1495947981268179,872.3023290083404,176.0,395.6263233001934
-0.0053621293,-0.07112119455468364,931.4084964564928,587.0,58.67265697725601
0.07647763,0.21203295166788352,1360.0385113259001,2070.0,34.29765645768598
0.098307304,-0.007349458318448017,1474.369889629357,921.0,60.083592793632675
0.015988149,-0.07933132826174391,1043.229081730046,544.0,91.77005178861137
0.040678777,0.07647027883037665,1172.544516058793,1360.0,13.783491466265216
-0.030223299,-0.1463489313123987,801.1998631728187,193.0,315.1294627838439
-0.025314607,-0.09097826212524802,826.9087940470789,483.0,71.20264887103083
0.11094944,-0.054319060456513774,1540.5822000211538,675.0,128.23440000313389
0.099601015,-0.0132683919212124,1481.1456122483125,890.0,66.42085530879916
0.1276781,0.07780681222454926,1628.1973557945335,1367.0,19.107341316352116
0.18836945,0.18091081691786434,1946.0640836031198,1907.0,2.0484574516580913
0.16372165,0.028355076640162947,1816.972947119982,1108.0,63.986728079420764
0.018364115,-0.07627639478934939,1055.673036844314,560.0,88.51304229362752
-0.03837585,-0.11503586322035488,758.5014435957321,357.0,112.46539036295016
0.030604435,-0.06787532774026446,1119.7808574811431,604.0,85.39418170217601
0.05280446,0.006397742307327327,1236.0519263265426,993.0,24.476528330971053
0.046935443,0.027591343272064316,1205.3133660046137,1104.0,9.176935326504866
-0.024807913,-0.1077803962234179,829.5625657347641,395.0,110.01583942652256
0.15993339,-0.030643326045456238,1797.132187169434,799.0,124.92267674210689
0.105314024,0.173846283262952,1511.0670931357922,1870.0,19.194273094342662
0.2010977,0.15475294906048626,2012.7273700216576,1770.0,13.713410735686871
0.089023046,-0.017850792129804182,1425.7442394922796,866.0,64.63559347485908
-0.01569456,-0.06367479421572199,877.293112160723,626.0,40.142669674236906
0.034729287,-0.08505932852248364,1141.384480261842,514.0,122.05923740502764
0.113621764,0.24563721986422324,1554.5782997390093,2246.0,30.784581489803685
0.072620615,0.06520521165092186,1339.8376573392904,1301.0,2.9852157831891195
-0.018045772,-0.08945079538905076,864.9788072886324,491.0,76.16676319524082
0.014904274,-0.13432013076484528,1037.5523619728299,256.0,305.29389139563665
0.07663491,0.11484788057733282,1360.8622635041904,1561.0,12.821123414209454
-0.008915765,0.02167240966929993,912.796577402726,1073.0,14.930421490892263
0.028078763,0.10301001337180404,1106.552825699114,1499.0,26.18059868584963
-0.034293376,-0.13947533099951104,779.8831195999238,229.0,240.56031423577457
0.15613422,-0.005058258214152126,1777.2342991663509,933.0,90.48599133615764
-0.0008568761,-0.09212386217739597,955.0044445215694,477.0,100.21057537139822
0.06610747,-0.05985612737522884,1305.7254982100706,646.0,102.1246901253979
0.16637246,0.005634008939228697,1830.856390630413,989.0,85.1219808524179
0.030714381,-0.0650113276098946,1120.3566938125966,619.0,80.99461935583145
-0.018957846,-0.05851959398105624,860.2018836252654,653.0,31.73076318916775
0.11112108,0.012698542594141026,1541.4811473888126,1026.0,50.24182723087842
0.050802667,-0.060619860743327474,1225.5676799857406,642.0,90.89839252114339
0.11550993,0.008307075727573903,1564.4674231773429,1003.0,55.97880590003419
-0.001624549,-0.06672972768811651,950.983811193845,610.0,55.89898544161394
0.23032151,0.18052895023381502,2165.7850512876803,1905.0,13.68950400460264
0.17514385,0.18186548362798763,1876.7959296853119,1912.0,1.841217066667789
-0.016708957,-0.048781993537798704,871.9802813187416,704.0,23.860835414593982
0.022629943,0.1940852175175657,1078.0150123887045,1976.0,45.44458439328419
-0.01829137,-0.08601399523260693,863.692509092087,509.0,69.6841864620996
0.13149332,-0.04209932656693569,1648.1792969568794,739.0,123.02832164504458
0.11038899,-0.06195639413750008,1537.6468561032225,635.0,142.14911119735788
-0.03530638,-0.08314999510223707,774.5775858520846,524.0,47.82014997177186
-0.0370265,-0.12362786361146447,765.568581717647,312.0,145.37454542232274
0.10516745,0.10129161329358213,1510.2994154189043,1490.0,1.3623768737519695
-0.032125425,-0.11713612998262611,791.2376127054886,346.0,128.68139095534352
0.09063933,-0.07684919481542336,1434.2094150036596,557.0,157.48822531484015
-0.05494278,-0.16563319885688912,671.7333165602995,92.0,630.1449093046733
0.13418455,-0.0258699924948398,1662.2744732631136,824.0,101.73233898824195
0.032908104,-0.07971319494579322,1131.846163648844,542.0,108.82770547026641
-0.026254721,-0.15665933178173022,821.985011486365,139.0,491.3561233714856
-0.047271714,-0.15455906501945899,711.9099852719273,150.0,374.6066568479515
0.05120437,0.00047880870456294325,1227.6715649013547,962.0,27.616586788082607
0.04570484,0.031791876796606784,1198.8681783371603,1126.0,6.471419035271786
0.12006427,-0.05985612737522884,1588.3204922930336,646.0,145.87004524659963
0.12326965,0.1005278799254835,1605.108413403394,1486.0,8.015371023108615
0.049654722,0.14978868216784516,1219.5554012081948,1744.0,30.07136460962186
-0.030706445,-0.05126412698411925,798.6694201805142,691.0,15.581681646962977
0.049215727,-0.11427212985225625,1217.256192203124,361.0,237.19008094269367
0.0010639965,-0.07818572820959598,965.0648798660333,550.0,75.46634179382423
-0.122309126,-0.07245772794885624,318.9067960451923,580.0,45.01606964738063
-0.017797345,-0.14042999770963432,866.2799240493514,224.0,286.7321089506033
0.07052033,0.1881662839148013,1328.8375415623445,1945.0,31.679303775714935
-0.0025084503,-0.0825771950761631,946.3544402858743,527.0,79.57389758745242
0.058038507,-0.07054839452860967,1263.4648847705646,590.0,114.14659063907875
-0.017036095,-0.1234369302694398,870.2669177608863,313.0,178.04054880539496
0.042872448,-0.0753217280792261,1184.0337127417836,565.0,109.56348898084664
-0.0046587563,-0.11045346301176309,935.0923632191891,381.0,145.43106646172944
-0.003153811,-0.12114573016514392,942.974408963276,325.0,190.14597198870032
0.3710506,0.34053109085047806,2902.843770936368,2743.0,5.827333975077212
0.045953013,-0.0865867952586809,1200.1679585980164,506.0,137.18734359644594
-0.03267287,-0.13145613063447542,788.3704010141462,271.0,190.91158709009085
0.23022333,0.215660685166352,2165.2708207710766,2089.0,3.651068490716927
0.070894234,-0.1284011971620809,1330.7958553031071,287.0,363.69193564568195
-0.04901469,-0.028543059283185006,702.7812619672864,810.0,13.236881238606625
0.0069270995,-0.0676843943982398,995.7724714374887,605.0,64.59049114669234
-0.039252196,-0.14501239791822612,753.9116494241222,200.0,276.9558247120611
-0.03109746,-0.10281612933077679,796.6215024160946,421.0,89.22125948125762
0.026735386,-0.10396172938292474,1099.516983136033,415.0,164.94385135808028
-0.025644338,-0.10873506293354118,825.1818508701783,390.0,111.58508996671239
0.12678461,0.11522974726138213,1623.5177722452709,1563.0,3.8718984162041497
-0.040504046,-0.12248226355931652,747.3551713155277,318.0,135.01734947029175
0.016840773,0.09460894632271911,1047.694639947244,1455.0,27.99349553627189
0.024546355,-0.14749453136454665,1088.0520873374116,187.0,481.8460360093111
-0.03845963,-0.13508386413294393,758.0626619108062,251.9999999999999,200.81851663127247
-0.01565928,0.1373780149362424,877.4778905833781,1679.0,47.73806488484943
-0.012190657,0.07990707898682048,895.6445625121887,1378.0,35.00402303975408
0.080111235,-0.051836927010193226,1379.0692548047782,688.0,100.44611261697358
0.10171695,0.08926281274602871,1492.2276740022555,1427.0,4.570965241924004
-0.008645205,-0.09231479551942062,914.2136184544756,476.0,92.0616845492596
0.44577414,0.30673588931211365,3294.2030848426466,2566.0,28.378919908131202
-0.035427224,-0.09976119585838228,773.944670245463,437.0,77.1040435344309
-0.027362578,-0.14329399784000418,816.182690008454,209.0,290.51803349686793
0.112623096,0.25518388696545613,1549.3478441148568,2296.0,32.51969320057244
0.14285178,0.06787827843926705,1707.668486242574,1315.0,29.86072138726799
-0.007143608,-0.0716939945807576,922.0781275155982,584.0,57.8900903280134
-0.007782138,-0.03121612607153021,918.7338707335826,796.0,15.41882798160586
0.16886364,0.06348681157269993,1843.9037510441103,1292.0,42.71700859474538
-0.09289464,-0.023769725732568567,472.96308659565995,835.0,43.357714180160485
0.045755252,-0.11866359671882337,1199.1322004706662,338.0,254.77284037593674
0.048777416,0.035419610295075274,1214.9605732122836,1145.0,6.110093730330449
-0.034008887,-0.1423393311298809,781.3731120821478,214.0,265.1276224682934
-0.0066591576,-0.03197985943962884,924.6154017781874,792.0,16.7443689113873
0.1338909,0.13126814799145337,1660.7364643405585,1647.0,0.8340294074413201
-0.016749814,0.07207881196380952,871.7662950085712,1337.0,34.79683657377927
-0.021432424,-0.13527479747496857,847.2414542354992,251.0,237.54639610976062
0.060286496,-0.07073932787063432,1275.2385705703637,589.0,116.50909517323662
-0.0026286943,0.003151875492908149,945.7246708194411,976.0,3.1019804488277516
0.22221592,0.19083935070314653,2123.332586707267,1959.0,8.388595544015681
0.19646956,0.07857054559264788,1988.4878280696907,1371.0,45.03922888910946
-0.023519782,-0.14902199810074393,836.3090609552575,179.0,367.21176589679186
0.015416374,-0.06940279447646172,1040.2344537999466,596.0,74.53598218119909
-0.0139589375,-0.05699212724485898,886.3833159784385,661.0,34.09732465634471
0.08205523,0.20363188461879858,1389.2508083153102,2026.0,31.42888409105083
-0.0010737623,-0.007158524976423359,953.8685181073894,922.0,3.4564553261810604
-0.018780416,-0.11274466311605899,861.1311607598865,369.0,133.36887825471177
-0.012421876,-0.09422412893966721,894.4335668152196,465.99999999999994,91.9385336513347
-0.036001816,-0.09899746249028364,770.9352822840306,441.0,74.81525675374843
-0.03154811,-0.032170792781653496,794.2612631691078,791.0,0.41229622871147814
0.093134515,-0.033316392833801445,1447.2777691962256,785.0,84.36659480206696
0.116292,-0.013841191947286374,1568.563473326598,887.0,76.83917399397947
0.045100782,0.15608948245465884,1195.7044587857165,1777.0,32.71218577457983
0.027686002,-0.0195691922080261,1104.4957670560698,857.0,28.879319376437547
0.115087464,0.1725097498687794,1562.2548037546323,1863.0,16.143059379783555
0.16534768,-0.016896125419680896,1825.489163268463,871.0,109.58543780349747
0.03715328,-0.006203858266300071,1154.0799802590714,927.0,24.49622225016951
-0.033825006,-0.12534626368968638,782.3361724213332,303.0,158.19675657469742
0.11412508,-0.03159799275557953,1557.2143847533257,794.0,96.12271848278662
-0.022856085,-0.12782839713600694,839.7851312556886,290.0,189.58107974334092
0.17717218,0.08468041253743692,1887.4191720118583,1403.0,34.52738218188584
-0.0523557,-0.032934526149752126,685.2829667910955,787.0,12.924654791474518
-0.024178714,-0.13813879760533845,832.85795491139,235.9999999999999,252.9059130980468
0.02365797,-0.012886525237163085,1083.399233785408,892.0,21.45731320464214
0.13381268,-0.040380926488713775,1660.3268124993606,748.0,121.96882520044927
-0.033770744,-0.07283959463290555,782.6203688739381,578.0,35.401447902065414
0.003758376,-0.05641932721878501,979.1765039005076,664.0,47.46634094887162
0.14371018,0.03599241032114925,1712.1642766720001,1148.0,49.14322967526134
0.018928131,-0.010404391790842538,1058.627033227486,905.0,16.975362787567512
0.10675475,0.11503881391935747,1518.6127957633707,1562.0,2.777669925520439
0.039618645,-0.04916386022184802,1166.9921493216702,702.0,66.23819790906984
0.020455664,-0.10147959593660419,1066.6273799398232,428.0,149.2120046588372
0.0072943904,-0.11599052993047816,997.6961312976813,352.0,183.4364009368413
-0.009450646,-0.04725452680160144,909.9951761352911,712.0,27.808311254956614
0.13144836,0.08754441266780678,1647.943838849641,1418.0,16.21606761986185
-0.00039626472,-0.038853459752516514,957.4168642717584,756.0,26.64244236398921
-0.0042121904,0.01479880935641226,937.4312209072374,1037.0,9.601618041732172
-0.034065727,-0.12610999705778503,781.0754140542854,298.9999999999999,161.22923546966078
0.23161788,0.0816254790650424,2172.574704722726,1387.0,56.63840697352026
0.15372409,0.17594655002522325,1764.6114189134987,1881.0,6.1875907010367515
-0.008689731,-0.09441506228169186,913.9804138616046,465.0,96.55492771217303
-0.022727435,-0.007922258344521989,840.4589222960741,918.0,8.446740490623737
0.05818514,-0.04916386022184802,1264.232874662603,702.0,80.0901530858409
0.053624537,-0.11980919677097132,1240.3470271561132,332.0,273.5985021554558
-0.036625583,-0.07914039491971926,767.6683498234643,545.0,40.856577949259496
0.12021204,-0.04076279317276309,1589.0944135129312,746.0,113.0153369320283
0.101061374,0.13031348128133008,1488.7941375660753,1642.0,9.330442291956437
-0.079161815,-0.05565559385068638,544.8878120220338,668.0,18.42996826017458
0.0031376237,-0.10090679591053021,975.9253570154208,431.0,126.43279745137373
0.029733187,-0.08983266207310008,1115.217754284898,489.0,128.06089044680942
-0.008801433,-0.04629986009147816,913.3953829964224,717.0,27.391266805637716
0.071246535,-0.09937932917433295,1332.641005551826,439.0,203.5628714241062
0.053695165,-0.1324107973445987,1240.7169351984678,266.0,366.43493804453675
0.015121799,-0.1117899964059357,1038.6916354289797,374.0,177.72503621095714
-0.102701955,-0.036180392964171304,421.59798244756803,770.0,45.2470152665496
0.21456131,0.19064841736112187,2083.242117359061,1958.0,6.3964309172145555
-0.01771712,-0.0753217280792261,866.7001020464043,565.0,53.39824814980606
0.050191276,0.024536409799669794,1222.3655628907898,1088.0,12.349776000991707
0.034700163,-0.0650113276098946,1141.231943678946,619.0,84.3670345200236
0.032393288,-0.09365132891359323,1129.1498483414343,469.0,140.7568973009455
-0.0038138176,-0.1665878655670124,939.5176703529243,87.0,979.905368221752
-0.019354016,-0.08410466181236036,858.126972465804,519.0,65.34238390477918
-0.03857345,-0.0398081264626398,757.466524439099,751.0,0.8610551849665746
0.20223233,0.2849694883213027,2018.6699361859153,2452.0,17.67251483744228
0.08853564,0.08124361238099309,1423.1914662212432,1385.0,2.7575065863713513
0.06872784,-0.14253026447190556,1319.4495372842953,213.0,519.4598766592936
-0.022904383,-0.10319799601482611,839.5321718290771,419.0,100.36567346756019
-0.028635338,-0.12152759684919323,809.5166969548869,323.0,150.62436438231794
-0.010397826,-0.05680119390283432,905.0343861860367,662.0,36.71214292840434
-0.04318889,-0.13126519729245076,733.293495305128,272.0,169.59319680335588
0.10926111,-0.07341239465897953,1531.739682796649,575.0,166.38951005159115
0.20573829,0.002197208782784861,2037.0321565800718,971.0,109.78703981257176
-0.038307868,-0.13985719768356036,758.8574988657847,227.0,234.2984576501254
-0.04616303,-0.1041526627249494,717.716638180051,414.0,73.3615068067756
-0.026028685,-0.09632439570193843,823.168857700717,455.0,80.91623246169604
-0.00072546845,-0.07837666155162062,955.6926828084204,549.0,74.07881289770863
0.060228307,-0.10396172938292474,1274.9338095797218,415.0,207.2129661637884
0.08484788,-0.06825719442431377,1403.8771116181674,602.0,133.20217800966236
0.038897954,-0.15016759815289188,1163.2175810445535,172.9999999999999,572.3801046500314
0.026728414,0.015944409408560206,1099.4804683989023,1043.0,5.415193518590825
-0.0346772,-0.12630093039980966,777.8728677185024,298.0,161.031163663927
0.050027665,0.011362009199968423,1221.5086616137094,1019.0,19.87327395620308
0.012707326,-0.0802859949718672,1026.0460005343007,539.0,90.3610390601671
-0.008483581,0.08773534600983145,915.0601106413826,1419.0,35.513734274744
0.123258315,0.10301001337180404,1605.0490611029118,1499.0,7.074653842755955
0.025162645,-0.06405666089977131,1091.2798613275415,624.0,74.88459316146499
0.2847626,0.27580468790411916,2450.916390424387,2404.0,1.951596939450371
0.012144175,-0.11007159632771378,1023.096540446284,383.0,167.127034059082
0.33465484,0.3833001594640013,2712.22353664682,2967.0,8.58700584270914
-0.03332322,-0.1234369302694398,784.9642384364723,313.0,150.787296625071
-0.05015356,-0.13279266402864803,696.816511856399,264.0,163.94564843045416
-0.11609159,-0.18262626629708364,351.47072251567954,3.0,11615.690750522652
0.16061205,0.09976414655738487,1800.686613432632,1482.0,21.503820069678266
0.12783118,0.010025475805795821,1628.999099624716,1012.0,60.96829047675061
0.04827973,-0.0726486612908809,1212.3539692387392,579.0,109.38755945401368
-0.009573252,-0.04629986009147816,909.3530367285207,717.0,26.827480715274852
-0.018680023,-0.14825826473264528,861.6569612680046,183.0000000000001,370.85079850710605
-0.019636173,-0.10720759619734392,856.649193836342,398.0,115.23849091365376
0.43820545,0.2498377533887657,3254.5626159738367,2268.0,43.499233508546595
-0.049379785,-0.05221879369424254,700.8691111268988,686.0,2.1675089106266494
0.19560309,-0.04840012685374939,1983.9497379073766,706.0,181.01271075175308
0.16552258,0.0027700088088588337,1826.4051632037158,974.0,87.51593051372852
0.021315323,-0.1721249324857275,1071.1297845802496,58.0,1746.7754906556029
-0.016558176,-0.05011852693197131,872.7699868946844,697.0,25.218075594646255
0.08009415,0.016517209434634177,1378.979777602276,1046.0,31.833630745915492
-0.016036356,-0.06692066103014117,875.5029827822735,609.0,43.76075250940452
-0.028970586,-0.1356566641590179,807.7608580656214,249.0,224.40195103037004
-0.019247672,-0.04763639348565076,858.6839417116014,710.0,20.941400241070617
0.14584462,0.1207668141800972,1723.3432688101627,1592.0,8.250205327271528
-0.00012903847,0.007925209043524587,958.8164430260289,1001.0,4.2141415558412705
0.16698453,0.5222996324579521,1834.0620392067535,3695.0,50.363679588450516
0.08421534,-0.024533459100667197,1400.5642308776419,831.0,68.53961863750203
-0.011025648,-0.011549991842990482,901.7462160597654,899.0,0.3054745339004896
0.15131126,0.201722551198552,1751.974412735088,2016.0,13.096507304807146
0.08162959,-0.017659858787779523,1387.0215265439438,867.0,59.97941482629109
-0.01561335,-0.06558412763596858,877.7184459254953,616.0,42.48676070219079
-0.02044136,-0.12000013011299597,852.4320782615468,331.0,157.53234992795976
0.1682132,0.019954009591078015,1840.4971397146578,1064.0,72.97905448446032
0.011833677,-0.011549991842990482,1021.4703274105125,899.0,13.622950768688819
0.051367097,-0.019187325523976784,1228.5238420840187,859.0,43.01790943935026
0.012054376,-0.05317346040436583,1022.6262241934245,681.0,50.16537800197129
0.020132147,-0.09746999575408638,1064.9329810223585,449.0,137.17883764417783
0.03836457,-0.07226679460683158,1160.424023177774,581.0,99.72874753490085
0.059542328,-0.06042892740130282,1271.3410443058574,643.0,97.7202246198845
-0.023594761,-0.09136012880929734,835.916364126919,481.0,73.78718588917235
-0.06018644,0.010216409147820479,644.2700198732649,1013.0,36.39980060481097
0.07662657,-0.011931858527039797,1360.8185589831253,897.0,51.70775462465165
-0.00798541,-0.03999905980466446,917.669246160288,750.0,22.355899488038403
0.08247224,-0.11713612998262611,1391.4348637117532,346.0,302.14880454096914
-0.072988026,-0.14443959789215213,577.2226019320794,203.0,184.3461093261475
-0.0688931,-0.12019106345502063,598.6695030317715,330.0,81.41500091871863
-0.018785525,-0.14329399784000418,861.1044014962075,209.0,312.01167535703706
-0.038712792,-0.1635329320946179,756.7367369810986,103.0,634.6958611466977
0.1922836,0.19962228443628077,1966.5641574714505,2005.0,1.9169996273590788
-0.015172172,-0.10434359606697405,880.0290834677152,413.0,113.08210253455573
-0.022217814,-0.09594252901788912,843.1280295880259,457.0,84.4919101943164
-0.089637786,-0.07474892805315213,490.02064899223456,568.0,13.728758980240396
-0.025003351,-0.15150413154706446,828.5389726828088,166.0,399.11986306193296
0.009981132,-0.000666791347585002,1011.7677530132655,956.0,5.833446967914803
0.004534547,-0.07455799471112748,983.2416462709983,569.0,72.80169530246016
0.0015430547,-0.0726486612908809,967.5739138621302,579.0,67.11121137515202
-0.038480006,-0.1117899964059357,757.9559370312409,374.0,102.66201524899488
0.03135747,0.022054276353349247,1123.7248295547545,1075.0,4.532542284163207
0.10083104,0.007543342359475273,1487.587775718996,999.0,48.90768525715676
0.029782832,0.028164143298138287,1115.4777669188152,1107.0,0.765832603325671
-0.02453066,-0.1041526627249494,831.014658202627,414.0,100.72817830981326
0.09427655,0.01880840953893007,1453.2590841010347,1058.0,37.35908167306566
-0.037626587,-0.09594252901788912,762.4256608356031,457.0,66.83274854170746
-0.028515413,-0.0627201275055987,810.1447933576231,631.0,28.390617013886395
0.06472255,-0.0676843943982398,1298.4721085890092,605.0,114.62348902297673
0.06704607,-0.05947426069117953,1310.6413593263414,648.0,102.25946903184283
0.019257747,-0.0928875955454946,1060.3533715650326,473.0,124.17618849155023
-0.00047547364,-0.08486839518045898,957.0020130680689,515.0,85.82563360545026
0.21294901,0.14673374869545064,2074.7977795389747,1728.0,20.06931594554252
-0.01846529,-0.08353186178628638,862.7816112694496,522.0,65.28383357652292
-0.014244467,-0.05317346040436583,884.8878750642916,681.0,29.939482388295392
0.14728259,-0.0258699924948398,1730.8744943151382,824.0,110.0575842615459
0.05340224,-0.010022525106793223,1239.182769932453,907.0,36.62434067612493
0.010357154,-0.07303052797493022,1013.7371392163963,577.0,75.69101199590924
0.26645142,-0.0016214580577082899,2355.012906362366,951.0,147.63542653652638
0.12187887,0.05623134457576295,1597.8243135519056,1254.0,27.418206822321018
-0.020735731,-0.05279159372031651,850.8903329926599,683.0,24.581307905221063
-0.0031764717,-0.07073932787063432,942.8557250926926,589.0,60.07737268127209
0.012420474,-0.07341239465897953,1024.5436332340028,575.0,78.18150143200047
0.059097767,0.04362974400213555,1269.012685946112,1188.0,6.8192496587636375
0.19037546,0.08277107911719035,1956.5704163358173,1393.0,40.45731631987202
0.036258005,-0.04687266011755213,1149.3910314552948,714.0,60.97913605816453
-0.036040165,-0.09804279578016036,770.7344365966001,446.0,72.81041179295966
-0.0029912535,-0.06825719442431377,943.825792300685,602.0,56.78169307320348
0.031239033,0.0016244087567108885,1123.104518019833,968.0,16.023194010313325
-0.03566119,-0.12057293013906994,772.7192852251522,328.0,135.58514793449763
-0.031259723,-0.1324107973445987,795.7716641017935,266.0,199.16227973751634
-0.045502968,-0.11522679656237954,721.1736657963038,356.0,102.57687241469206
-0.022549786,-0.12954679721422885,841.3893505765625,281.0,199.4268151518016
-0.024911137,-0.16696973225106174,829.0219369069989,85.0,875.3199257729399
0.05691071,-0.08124066168199048,1257.558121193876,534.0,135.49777550447118
-0.036966387,-0.1274465304519576,765.8834103568913,292.0,162.28883916331895
0.031248543,-0.0991883958323083,1123.1543294672792,440.0,155.26234760619982
-0.012001776,-0.10147959593660419,896.6338114198562,428.0,109.49388117286361
0.006905404,-0.05011852693197131,995.6588421215877,697.0,42.84918825273854
0.111134775,0.215660685166352,1541.552869629632,2089.0,26.20618144424931
-0.023505399,-0.10587106280317131,836.384392721254,405.0,106.51466486944543
0.039279006,-0.10109772925255488,1165.2133167814782,430.0,170.97984111197167
0.21877916,0.07188787862178486,2105.3328016628,1336.0,57.584790543622766
-0.019756917,-0.07207586126480693,856.0168050252869,582.0,47.08192526207679
0.073601075,-0.041144659856812406,1344.9727434549754,744.0,80.77590637835691
0.0154129835,-0.08200439505008912,1040.216693960527,530.0,96.26730074726925
0.025701053,-0.03045239270343158,1094.0997394616945,800.0,36.762467432711816
0.034899995,-0.08085879499794117,1142.2785498927747,536.0,113.11166975611468
0.25829414,0.27427722116792186,2312.289707882711,2396.0,3.4937517578167405
-0.028135542,-0.13221986400257404,812.1343441243793,267.0000000000001,204.17016633871867
-0.024835046,-0.10930786295961514,829.4204577529882,387.0,114.3205317191184
0.38824812,0.14024201506661227,2992.9145744870953,1694.0,76.67736567220162
0.050616376,-0.0398081264626398,1224.5919960639083,751.0,63.06151745191855
0.046125095,-0.09613346235991378,1201.0692277683565,456.0,163.3923745106045
-0.039077085,-0.13412919742282065,754.8287809942955,256.9999999999999,193.70769688494
0.13418102,0.07016947854356295,1662.2559768854485,1327.0,25.264203231759495
-0.005906243,-0.11751799666667542,928.5587397460245,344.0,169.92986620523968
-0.025500128,-0.14997666481086722,825.9371391357822,174.0,374.67651674470244
-0.01828986,-0.06940279447646172,863.7004110255832,596.0,44.91617634657437
0.015237307,0.04229321060796295,1039.296601604161,1181.0,11.99859427568493
0.14508347,-0.02663372586293843,1719.3567921387207,820.0,109.67765757789276
-0.0008625161,-0.1041526627249494,954.9749052528152,414.0,130.67026696927903
0.19272873,0.011743875884017738,1968.8954814951253,1021.0,92.83991003869984
0.21040438,-0.04381772664515761,2061.4704760590976,730.0,182.39321589850653
-0.016877146,-0.07627639478934939,871.0994010879162,560.0,55.553464479985045
0.066902585,-0.07627639478934939,1309.8898756953838,560.0,133.90890637417567
-0.032281775,-0.12859213050410556,790.4187382639242,286.0,176.3701882041693
0.19192575,0.11427508055125885,1964.6899359118445,1558.0,26.10333349883469
0.059372578,-0.1217185301912179,1270.451988988279,322.0,294.55030713921707
0.0040442892,-0.09861559580623433,980.6739544421856,443.0,121.37109581087711
0.112193875,-0.07188492792278227,1547.0998318344623,583.0,165.36875331637432
0.0075750654,0.06119561146840404,999.1661470091439,1280.0,21.940144764910634
0.09304111,-0.030834259387480894,1446.7885517135528,798.0,81.3018235230016
0.00997347,0.15742601584883145,1011.7276238732205,1784.0,43.28881032100782
-0.027681444,-0.1410027977357083,814.5126505081992,221.0,268.5577604109498
0.037472256,-0.03789879304239323,1155.7505855767863,761.0,51.87261308499163
-0.021852842,-0.13852066428938775,845.0395463226391,234.0,261.1280112489911
0.085307315,-0.031407059413554865,1406.283357677954,795.0,76.89098838716401
0.16414444,0.06596894501902048,1819.18728350602,1305.0,39.40132440659158
-0.032827213,-0.13164706397650008,787.5620429729631,270.0,191.6896455455419
-0.022023574,-0.08372279512831103,844.1453498705516,521.0,62.02405947611356
-0.013790845,-0.15971426525412474,887.2636889246445,123.0,621.3525926216622
0.03776083,-0.08200439505008912,1157.261981567764,530.0,118.3513172769366
0.44062415,0.22043401871696844,3267.2303714045684,2114.0,54.55205162746303
0.42097202,0.46024629629993835,3164.3037268949543,3370.0,6.103746976410853
0.018367797,0.012507609252116369,1055.692323415329,1025.0,2.994373016129652
-0.035094645,-0.12515533034766171,775.6865295412719,304.0000000000001,155.16004261226038
0.08393615,-0.084295595154385,1399.1019634509687,518.0,170.09690414111364
0.14686954,-0.09785186243813569,1728.7111985662013,447.0,286.7362860327072
-0.03552571,-0.14424866455012747,773.4288593421599,204.0000000000001,279.1317937951762
0.0115023395,-0.0587105273230809,1019.7349701377595,652.0,56.40106903953367
-0.008997279,-0.01976012555005076,912.3696534957811,856.0,6.585239894366953
-0.0046913535,-0.12076386348109461,934.9216375560417,327.0,185.90875766239807
0.04703029,-0.08104972833996583,1205.8101147127916,535.0,125.38506817061526
0.41596478,0.28477855497927806,3138.0786729422402,2451.0,28.03258559535864
-0.041712783,-0.11713612998262611,741.0244933954543,346.0,114.16892872700993
0.02200584,-0.06558412763596858,1074.7463141874432,616.0,74.47180425120831
0.08954359,-0.01727799210373021,1428.4705431250807,869.0,64.38096008343851
0.16640359,0.08448947919541226,1831.0194241027434,1402.0,30.600529536572285
0.5666196,0.3006260223673246,3927.1225936535247,2534.0,54.97721364062844
-0.008283954,-0.09899746249028364,916.1056437531316,441.0,107.73370606646975
-0.040996697,-0.11064439635378776,744.7749461421976,380.0,95.99340687952568
0.048877124,-0.0739851946850535,1215.4827837061714,572.0,112.49699015842158
0.19645396,0.06558707833497117,1988.4061162240564,1303.0,52.602157806911464
0.14661211,0.08448947919541226,1727.3629140913417,1402.0,23.207055213362462
0.16341417,0.028355076640162947,1815.362513562519,1108.0,63.84138209048006
-0.032186367,-0.1306923972663768,790.9184331250847,275.0,187.60670295457624
0.017464697,-0.042481193250985004,1050.962401623054,737.0,42.60005449430853
